year,gdp_current_usd,gdp_trillion_usd
2020,2675000000000,2.675
2021,3167000000000,3.167
2022,3353000000000,3.353
2023,3567550000000,3.56755
2024,3912690000000,3.91269
2025,4187000000000,4.187
